sector,y,x,corr,hedge_ratio,coint_p_train,adf_p_train,half_life,coint_p_test,n_obs,coint_p_bonferroni_ok,rank_score
mega_tech,AMZN,GOOGL,0.6455298765372168,1.1600600901054716,0.004197515197210087,0.0007737320469017284,23.102254394259912,0.16870834891670594,878,False,4.0
payments,MA,V,0.877919695492337,1.0834792000525197,0.00896392994963688,0.0018212463284504835,21.963412025024898,0.826362359477688,878,False,5.0
banks,BAC,PNC,0.7959429824174376,0.9372139748469506,0.040037590700113215,0.010317003307189928,26.193119291063404,0.512673003040781,878,False,11.0
mega_tech,MSFT,META,0.5754924202796331,0.3948335950950764,0.017976560353953737,0.004039494350071827,32.98653720018697,0.35442418472263865,878,False,12.0
semis,QCOM,MU,0.6222395073259477,0.641066812705699,0.04296144968974367,0.011211822380343567,27.54877526234987,0.3672196523732111,878,False,14.0
mega_tech,GOOGL,META,0.5838992801541925,0.3712911112338916,0.04501005008973362,0.011857975058243481,30.71666804717826,0.9680742414081162,878,False,17.0
